-- phpMyAdmin SQL Dump
-- version 5.2.0
-- https://www.phpmyadmin.net/
--
-- Host: localhost
-- Generation Time: Mar 23, 2023 at 06:28 PM
-- Server version: 10.4.27-MariaDB
-- PHP Version: 8.2.0

SET SQL_MODE = "NO_AUTO_VALUE_ON_ZERO";
START TRANSACTION;
SET time_zone = "+00:00";


/*!40101 SET @OLD_CHARACTER_SET_CLIENT=@@CHARACTER_SET_CLIENT */;
/*!40101 SET @OLD_CHARACTER_SET_RESULTS=@@CHARACTER_SET_RESULTS */;
/*!40101 SET @OLD_COLLATION_CONNECTION=@@COLLATION_CONNECTION */;
/*!40101 SET NAMES utf8mb4 */;

--
-- Database: `pizza_db`
--

-- --------------------------------------------------------

--
-- Table structure for table `ingredients`
--

CREATE TABLE `ingredients` (
  `id` int(11) NOT NULL,
  `name` varchar(255) NOT NULL,
  `cost_price` float NOT NULL
) ENGINE=InnoDB DEFAULT CHARSET=utf8mb4 COLLATE=utf8mb4_general_ci;

--
-- Dumping data for table `ingredients`
--

INSERT INTO `ingredients` (`id`, `name`, `cost_price`) VALUES
(1, 'tomato', 0.5),
(2, 'sliced mushrooms', 0.5),
(3, 'feta cheese', 1),
(4, 'sausages', 1),
(5, 'sliced onion', 0.5),
(6, 'mozzarella cheese', 0.5),
(7, 'oregano', 1),
(8, 'bacon', 1),
(26, 'a', 1),
(27, 'a', 1),
(28, 'b', 2),
(29, 's', 2),
(30, 'v', 1),
(31, 's', 1),
(32, 'b', 1),
(33, 'c', 1),
(34, 'a', 1),
(35, 'a', 1),
(36, 'c', 2);

-- --------------------------------------------------------

--
-- Table structure for table `pizza`
--

CREATE TABLE `pizza` (
  `id` int(11) NOT NULL,
  `name` varchar(255) NOT NULL
) ENGINE=InnoDB DEFAULT CHARSET=utf8mb4 COLLATE=utf8mb4_general_ci;

--
-- Dumping data for table `pizza`
--

INSERT INTO `pizza` (`id`, `name`) VALUES
(1, 'The Fun Pizza'),
(2, 'The Super Mushroom Pizza');

-- --------------------------------------------------------

--
-- Table structure for table `pizza_ingredients`
--

CREATE TABLE `pizza_ingredients` (
  `pizza_id` int(11) NOT NULL,
  `ingredient_id` int(11) NOT NULL,
  `position` int(11) NOT NULL
) ENGINE=InnoDB DEFAULT CHARSET=utf8mb4 COLLATE=utf8mb4_general_ci;

--
-- Dumping data for table `pizza_ingredients`
--

INSERT INTO `pizza_ingredients` (`pizza_id`, `ingredient_id`, `position`) VALUES
(1, 1, 1),
(1, 2, 2),
(1, 3, 3),
(1, 4, 4),
(1, 5, 5),
(1, 6, 6),
(1, 7, 7),
(2, 1, 1),
(2, 2, 2),
(2, 6, 3),
(2, 7, 4),
(2, 8, 5);

--
-- Indexes for dumped tables
--

--
-- Indexes for table `ingredients`
--
ALTER TABLE `ingredients`
  ADD PRIMARY KEY (`id`);

--
-- Indexes for table `pizza`
--
ALTER TABLE `pizza`
  ADD PRIMARY KEY (`id`);

--
-- Indexes for table `pizza_ingredients`
--
ALTER TABLE `pizza_ingredients`
  ADD PRIMARY KEY (`pizza_id`,`ingredient_id`);

--
-- AUTO_INCREMENT for dumped tables
--

--
-- AUTO_INCREMENT for table `ingredients`
--
ALTER TABLE `ingredients`
  MODIFY `id` int(11) NOT NULL AUTO_INCREMENT, AUTO_INCREMENT=37;

--
-- AUTO_INCREMENT for table `pizza`
--
ALTER TABLE `pizza`
  MODIFY `id` int(11) NOT NULL AUTO_INCREMENT, AUTO_INCREMENT=12;
COMMIT;

/*!40101 SET CHARACTER_SET_CLIENT=@OLD_CHARACTER_SET_CLIENT */;
/*!40101 SET CHARACTER_SET_RESULTS=@OLD_CHARACTER_SET_RESULTS */;
/*!40101 SET COLLATION_CONNECTION=@OLD_COLLATION_CONNECTION */;
